"Name","City","County","Phone"
"ADM Grain Company","Clinton","Clinton","563-242-5251"
"Agri-Center of Henry County, Inc.","Mount Pleasant","Henry","319-385-2548"
"Agri-Way Partners, L.L.C.","Wayland","Henry","319-256-6000"
"Agriland FS, Inc.","Oskaloosa","Mahaska","712-542-2146"
"Amana Farms, Inc.","Homestead","Iowa","319-622-3791"
"Andover Grain & Fertilizer, Inc.","Andover","Clinton","563-682-7599"
"Art's Milling Service, Inc.","Protivin","Howard","563-569-8386"
"Aspinwall Cooperative Co.","Aspinwall","Crawford","712-653-3441"
"Aurora Elevator, Inc.","Aurora","Buchanan","319-634-3330"
"Benton Grain Company, L.L.C.","Keystone","Benton","319-442-3231"
"Breda Feed & Grain, Inc.","Breda","Carroll","712-673-2398"
"Bruntlett Elevator, Inc.","Gowrie","Webster","515-352-3118"
"Buckingham Co-Operative Co.","Buckingham","Tama","319-478-2331"
"Bullock Ag Service, Inc.- Preston","Preston","Jackson","563-689-5951"
"Bullocks, Inc.","Maquoketa","Jackson","563-652-3819"
"Carson Grain Company","Troy Mills","Linn","319-224-3296"
"Cartersville Elevator, Inc.","Rockwell","Cerro Gordo","641-822-4550"
"Cedar County Cooperative","Tipton","Cedar","563-886-6177"
"Clinton Grain, LLC","Clinton","Clinton","563-249-4216"
"Come And Save Here, Inc.","Lawler","Chickasaw","563-238-7421"
"County Line Feed Mill, LLC","La Porte City","Black Hawk","319-239-3081"
"Crawfordsville Feed & Grain, Inc.","Crawfordsville","Washington","319-658-3700"
"Dave's Feed Store, Inc.","Luxemburg","Dubuque","563-853-2415"
"Delmar Grain Service Inc.","Delmar","Clinton","563-674-4261"
"Doon Elevator Company","Doon","Lyon","712-726-3215"
"Dunkerton Cooperative Elevator","Dunkerton","Black Hawk","319-822-4291"
"Eichelberger Milling, Inc.","Wayland","Henry","319-256-5100"
"Ewing Enterprises, Inc.","Clio","Wayne","641-876-2444"
"Exporter Elevator Co.","West Chester","Washington","319-698-2515"
"F. J. Krob & Co.","Walker","Linn","319-624-3770"
"Fairchild Feed and Supply, Inc.","Winthrop","Buchanan","319-935-3371"
"Farmers Cooperative Association","Ainsworth","Washington","319-657-3661"
"Farmers Cooperative Company","Remsen","Plymouth","712-786-1134"
"Farmers Cooperative Company","Readlyn","Bremer","319-279-3396"
"Farmers Cooperative Elevator Co.","Arcadia","Carroll","712-689-2296"
"Farmers Cooperative Elevator of Ottosen","Ottosen","Humboldt","515-379-1065"
"Farmers Shipping Association","Dyersville","Dubuque","563-875-7953"
"Farrell's Trucking II, Inc.","Preston","Jackson","563-689-5952"
"Figanbaum Grain, Inc.","Tripoli","Bremer","319-882-4274"
"Fremont Elevator, Inc.","Fremont","Mahaska","641-933-4416"
"FTF, Inc.","Rockford","Floyd","641-425-7822"
"Garnavillo Mill, Inc.","Garnavillo","Clayton","563-964-2243"
"Gold-Eagle Cooperative","Goldfield","Wright","515-825-3161"
"H & S Feed and Country Store Inc. d/b/a Diamond Trail Feed","Lynnville","Jasper","641-527-2400"
"Hartog Elevator, Inc.","Sanborn","O'Brien","712-729-3359"
"Heartland Co-op","Clive","Polk","515-343-5954"
"Hoskin Elevator, Inc.","Bloomfield","Davis","641-929-3568"
"Interstate Grain Service, LLC","Cedar Point","Linn","319-849-1157"
"Inwood Hatchery & Feed Store, Inc.","Inwood","Lyon","712-753-4723"
"JBS Live Pork, LLC","Fremont","Keokuk","641-954-3237"
"Kay Farms Elevator, Inc.","Wheatland","Clinton","563-374-1283"
"Kent Corporation","Sheldon","Sioux","712-631-7210"
"Killduff Feed & Grain, Inc.","Killduff","Jasper","641-798-4421"
"Koster Grain, Inc.","Maple River Junction","Carroll","712-792-5424"
"L & S Ag Center, Inc.","Worthington","Dubuque","563-855-2255"
"Le Mars Agri-Center, Inc.","Le Mars","Plymouth","712-546-4133"
"Lester Feed & Grain Co.","Lester","Lyon","712-478-4440"
"Linn Cooperative Oil Company","Alburnett","Linn","319-842-2222"
"Little Cedar Cooperative Elevator","Little Cedar","Mitchell","641-983-4418"
"Lloyd Kelchen Grain, Ltd.","Edgewood","Delaware","563-928-6907"
"Maquoketa Feeds","Maquoketa","Jackson","563-652-4981"
"Minerva North Grain and Milling, LLC","Jesup","Buchanan","319-266-1072"
"Mogler Farms, LLC","Alvord","Lyon","712-220-2400"
"Mt. Hamill Elevator and Lumber, Inc.","Mount Hamill","Lee","319-469-2531"
"Nelson Farm Supply, Inc.","Harlan","Shelby","712-755-3115"
"Nelson Grain, Inc.","Marshalltown","Marshall","641-752-5550"
"New Fashion Pork, LLP","Estherville","Emmet","507-847-4610"
"Nichols Agriservice, L.L.C.","Nichols","Muscatine","319-723-4221"
"North Iowa Cooperative Elevator","Thornton","Cerro Gordo","641-998-2711"
"Osage Cooperative Elevator","Osage","Mitchell","641-732-3768"
"Ozinga Feed Service, Inc.","Oskaloosa","Mahaska","641-673-8863"
"Pella Feed Service, Inc.","Pella","Marion","641-628-2209"
"Petersburg Feed Mill, Inc.","Petersburg","Delaware","563-875-2431"
"Premium Feed & Grain, Inc","Brunsville","Plymouth","712-533-6514"
"Provision Feed, Inc.","Diagonal","Ringgold","641-202-0502"
"Quality Plus Feeds, Inc.","Saint Paul","Lee","319-469-3167"
"Qualley Feed & Grain, Inc.","Jerico","Chickasaw","641-394-4338"
"Rex Feed and Elevator Co.","Lowden","Cedar","563-941-5385"
"Riverside Grain & Feed Company, Inc.","Riverside","Washington","319-648-2341"
"Rossie Feed and Grain Company","Rossie","Clay","712-262-3138"
"Schmadeke Feed Mill, Inc.","Clarksville","Butler","319-278-4335"
"SilverEdge Cooperative","Edgewood","Clayton","563-928-6419"
"Smith Feeder Supply Inc.","Leon","Decatur","641-446-4521"
"Smith Fertilizer and Grain Company","Knoxville","Marion","641-828-8500"
"Sovereign Grain Inc.","Cresco","Howard","563-547-4120"
"Spillville Mill","Spillville","Fayette","563-562-3158"
"St. Olaf Ag Sales & Service, Inc.","Saint Olaf","Clayton","563-783-2626"
"StateLine Cooperative","Burt","Kossuth","515-924-3555"
"Steve's Farm Supply, Inc.","Iowa City","Johnson","319-683-2217"
"Terra Products Company, LLC","Iowa City","Johnson","319-338-2280"
"The Feed & Grain Store, Inc.","De Witt","Clinton","563-659-9236"
"The Mill, Inc.","Colwell","Floyd","641-228-4771"
"The Tri-County Grain Corporation","Eldon","Wapello","641-652-7892"
"Troy Elevator, Inc.","Bloomfield","Davis","641-664-1919"
"Valley Feed And Seed, Inc.","Rock Valley","Sioux","712-476-2723"
"W. C. Gretter and Sons, Inc.","Harper","Keokuk","641-635-2174"
"Wapello County Grain, Inc.","Ottumwa","Wapello","641-934-5432"
"Waukon Feed Ranch, Inc.","Waukon","Allamakee","563-568-3909"
"Webb's Feed, Inc.","Rockwell City","Calhoun","712-297-8921"
"Welch, Inc.","Waukon","Allamakee","563-568-6232"
"Wellman Produce Co.","Wellman","Washington","319-646-6073"
