category,dataset,used_for,publisher,vintage,access,url
Land use,Cropland Data Layer (30 m),Corn and soybean pixels per 5 km hexagon; S1 acres and S2 land base,USDA NASS / George Mason Univ. CropScape,2025,CropScape GetCDLFile web service,https://nassgeodata.gmu.edu/CropScape/
Yields & prices,Quick Stats: county yields,Corn and soybean yields by county (2021–2025 mean); oats county data retrieved,USDA NASS,2021–2025,Quick Stats API via rnassqs,https://quickstats.nass.usda.gov/api
Yields & prices,Quick Stats: state/national yields and prices received,Yields (oats/alfalfa Iowa; wheat/barley/apples US) and marketing-year prices,USDA NASS,2024–2025 marketing years,Quick Stats API via rnassqs,https://quickstats.nass.usda.gov/
Yields & prices,Kalona Sheep and Goat Auction report (AMS 2153),Goat kid price ($340/cwt),USDA AMS / Iowa Dept. of Agriculture Market News,Sep 23 2026,PDF report,https://www.ams.usda.gov/mnreports/ams_2153.pdf
Boundaries,Cartographic boundary files: counties and places,Shed counties; town centroids for buyers,U.S. Census Bureau (TIGER/Line),2023,tigris R package,https://www.census.gov/geographies/mapping-files/time-series/geo/cartographic-boundary.html
First buyers,Licensed Grain Warehouses list,43 state-licensed elevators / feed mills in shed counties,Iowa Dept. of Agriculture and Land Stewardship,Accessed Sep 2026,Web list (scraped),https://data.iowaagriculture.gov/licensing_lists/grainwarehouse/
First buyers,Iowa Ethanol Plants,"Ethanol plants near the shed (Dyersville, Muscatine, Fairbank, Clinton)",Iowa Renewable Fuels Association,Accessed Sep 2026,Web page,https://iowarfa.org/ethanol-center/ethanol-biorefineries/
First buyers,Iowa Livestock Auctions,Livestock auction names and addresses,Iowa Dept. of Agriculture and Land Stewardship,Accessed Sep 2026,Web page,https://iowaagriculture.gov/agricultural-diversification-market-development-bureau/iowa-livestock-auctions
First buyers,Facility Explorer,Street addresses: ADM Corn Processing and Cargill Corn Milling and Cargill Soybean East (Cedar Rapids),Iowa Dept. of Natural Resources,Accessed Sep 2026,Web page,https://facilityexplorer.iowadnr.gov/facilityexplorer/SiteDetail.aspx?facID=310791287
First buyers,Business directory,Street addresses: Ingredion and Cargill Soybean West (Cedar Rapids),Cedar Rapids Metro Economic Alliance,Accessed Sep 2026,Web page,https://www.cedarrapids.org/directory/detail/manufacturers/ingredion/
First buyers,Quaker Oats Plant,Oat mill location (418 2nd St NE),Wikipedia,Accessed Sep 2026,Web page,https://en.wikipedia.org/wiki/Quaker_Oats_Plant
First buyers,Kalona Sales Barn,Cattle / goat / hay sale schedule and address,Kalona Sales Barn,Accessed Sep 2026,Web page,https://www.kalonasalesbarn.com/
First buyers,Mid-States Wool Growers Cooperative,Wool first buyer (Canal Winchester OH),Mid-States Wool Growers,Accessed Sep 2026,Web page,https://midstateswoolgrowers.com/
First buyers,Wool Pools directory,Confirmed no Iowa wool pool listed,American Sheep Industry Association,Accessed Sep 2026,Web page,https://www.sheepusa.org/contacts/wool-pelt/wool-pools
Level-2 buyers,Entity search (company resolution),"Matched first-buyer companies (ADM, Cargill, Ingredion, Grain Processing Corp., Quaker) to Tradeverifyd entity IDs",Tradeverifyd,Pulled Sep 2026,MCP API (search_entities),https://platform.tradeverifyd.com
Level-2 buyers,Trade relationships (outbound),"94 level-2 buyer links filtered to corn/soy/oat products (HS 1004, 1005, 1104, 1108, 1201, 1507, 1515, 1702, 2106, 2207, 2303, 2304, 2309, 3505); level-2 map, flow diagram, cards and table",Tradeverifyd,Pulled Sep 2026,MCP API (entity_trade_relationships),https://platform.tradeverifyd.com
Exports,Trade flows (UN Comtrade),"2023 U.S. export values by partner for corn, soybeans, soybean meal/oil, ethanol, DDGS, corn starch, glucose, oats; export-destination map and bar chart (coverage: China, Mexico, Japan, South Korea only)",Tradeverifyd (UN Comtrade),2023 (pulled Sep 2026),MCP API (tia_trade_flow),https://platform.tradeverifyd.com
Ownership,Affiliate relationships,"Subsidiaries of ADM, Cargill, Ingredion, Grain Processing Corp., POET; affiliate links of in-shed buyers; ownership sunburst and tables",Tradeverifyd,Pulled Sep 2026,MCP API (entity_affiliate_relationships),https://platform.tradeverifyd.com
Level-2 buyers,Entity addresses,"City/country locations of level-2 buyers for the world map (country errors corrected in tv_location_overrides.csv)",Tradeverifyd,Pulled Sep 2026,MCP API (entity_addresses),https://platform.tradeverifyd.com
Geocoding,Census Geocoder,Street-address coordinates for buyers,U.S. Census Bureau,Accessed Sep 2026,tidygeocoder R package,https://geocoding.geo.census.gov/geocoder/
Geocoding,Nominatim,Town and level-2 buyer city/country coordinates,OpenStreetMap contributors,Accessed Sep 2026,tidygeocoder R package,https://nominatim.org/
Emissions,Emission Factors Hub (Table 8),Truck CO2 / CH4 / N2O per short ton-mile,U.S. EPA,2025,Excel workbook,https://www.epa.gov/system/files/other-files/2025-01/ghg-emission-factors-hub-2025.xlsx
Emissions,2006 IPCC Guidelines Vol. 4 (Ch. 10–11),N2O from synthetic N; enteric and manure CH4 (Tier 1),IPCC,2006,PDF guidelines,https://www.ipcc-nggip.iges.or.jp/public/2006gl/vol4.html
Emissions,AR6 WG1 Chapter 7 (Table 7.15),GWP100: CH4 27 and N2O 273,IPCC,2021,Report,https://www.ipcc.ch/report/ar6/wg1/chapter/chapter-7/
Context,Cedar Rapids corn demand article,Shed rationale (processors; ~2.1M acres supply Cedar Rapids),AgWeb,Accessed Sep 2026,Web article,https://www.agweb.com/news/crops/corn/need-positive-corn-demand-story-look-no-further-cedar-rapids
Context,2023 Merger Guidelines,HHI threshold (1800 = highly concentrated),U.S. DOJ and FTC,2023,Web page,https://www.justice.gov/atr/2023-merger-guidelines
Basemap,World Gray Canvas tiles,Map background,Esri,Live tiles,Leaflet provider,https://leaflet-extras.github.io/leaflet-providers/preview/
Assumptions,Analyst assumptions,S2 land shares; N rates; stocking rates; buyer attractiveness; road circuity; apple markets,This analysis,2026,data/params/commodities.csv and factors.csv,
Farm economics,Estimated Costs of Crop Production in Iowa 2026 (A1-20),"Corn, soybean, alfalfa and pasture costs per acre for representative farms",Iowa State University Extension (Ag Decision Maker),2026,PDF,https://www.extension.iastate.edu/agdm/crops/pdf/a1-20.pdf
Farm economics,Commodity Costs and Returns,"Oats, wheat, barley (per acre) and cow-calf (per cow) costs; cow-calf calf value per cow",USDA ERS,2025,CSV download,https://www.ers.usda.gov/data-products/commodity-costs-and-returns
Farm economics,"Planning budgets: sheep (G686), meat goats (G691), apples (G712)","Per-ewe, per-doe and per-acre orchard costs; pasture acres per head",University of Missouri Extension,2025–2026,PDF and XLSX,https://extension.missouri.edu/publications/g712
Farm economics,2022 Census of Agriculture: farms by area operated,Representative farm sizes (acre-weighted 25th/50th/75th percentiles),USDA NASS,2022,Quick Stats API via rnassqs,https://www.nass.usda.gov/AgCensus/
Farm economics,Quick Stats: 2006–2025 yields and prices,Income-risk replay for representative farms,USDA NASS,2006–2025,Quick Stats API via rnassqs,https://quickstats.nass.usda.gov/
Retention,Iowa Farmland Ownership and Tenure Survey 2022,"Share of farmland owned by non-full-time residents (25%), used for rent leakage",Iowa State University CARD,2022,PDF,https://farmland.card.iastate.edu/files/inline-files/farmland-ownership-tenure-2022_0.pdf
Climate risk,Cause of Loss and Summary of Business (county),"Weather-cause indemnities and insured liability by crop, 2006–2025; loss costs per scenario",USDA Risk Management Agency,2006–2025,Pipe-delimited ZIP files,https://www.rma.usda.gov/tools-reports/summary-of-business/cause-loss
Climate risk,National Flood Hazard Layer (Special Flood Hazard Areas),"Corn–soy acres and first buyers inside or near 100-year flood zones",FEMA,Accessed Sep 2026,ArcGIS REST service (hazards.fema.gov),https://hazards.fema.gov/arcgis/rest/services/public/NFHL/MapServer
Climate risk,Storm Events Database,"Damaging wind, hail, tornado, flood, drought and heat events by county, 2006–2025",NOAA NCEI,2006–2025,CSV files,https://www.ncdc.noaa.gov/stormevents/
