commodity,cost_per_acre_nonland,cost_per_head_nonland,pasture_cost_per_acre,basis,source,url
corn,637.98,,,"Corn following soybeans, 211 bu/ac: total $911.98/ac less $274 land","Iowa State Univ. Ag Decision Maker A1-20, Estimated Costs of Crop Production in Iowa 2026",https://www.extension.iastate.edu/agdm/crops/pdf/a1-20.pdf
soybeans,405.11,,,"Herbicide-tolerant soybeans following corn, 61 bu/ac: total $679.11/ac less $274 land","Iowa State Univ. Ag Decision Maker A1-20 (2026)",https://www.extension.iastate.edu/agdm/crops/pdf/a1-20.pdf
alfalfa,446.80,,,"Established alfalfa hay, 4 t/ac: total $596.80/ac less $150 land","Iowa State Univ. Ag Decision Maker A1-20 (2026)",https://www.extension.iastate.edu/agdm/crops/pdf/a1-20.pdf
oats,365.19,,,"Heartland 2025: total costs listed $568.71 less opportunity cost of land $203.52","USDA ERS Commodity Costs and Returns (oats)",https://www.ers.usda.gov/data-products/commodity-costs-and-returns
wheat,397.13,,,"Heartland 2025: total costs listed $567.64 less land $170.51","USDA ERS Commodity Costs and Returns (wheat)",https://www.ers.usda.gov/data-products/commodity-costs-and-returns
barley,446.30,,,"Northern Crescent 2025 (no Heartland series): $557.18 less land $110.88","USDA ERS Commodity Costs and Returns (barley)",https://www.ers.usda.gov/data-products/commodity-costs-and-returns
apples,14743.25,,,"High-density orchard, full-production year: total $14,793.25/ac less $50 real-estate charge; excludes 3-4 establishment years","Univ. of Missouri Extension G712 Apple Planning Budget (2025)",https://extension.missouri.edu/publications/g712
cattle,,1675.47,130.80,"Heartland 2025 per bred cow: total costs listed $1,811.57 less land $4.01 and grazed feed $132.09; plus improved-grass pasture maintenance ($194.80 less $64 land)","USDA ERS Commodity Costs and Returns (cow-calf); ISU A1-20 pasture budget",https://www.ers.usda.gov/data-products/commodity-costs-and-returns
sheep,,364.41,130.80,"Per ewe: total costs $417.49 less pasture rent $53.08 (budget assumes lamb production); plus pasture maintenance","Univ. of Missouri Extension G686 Sheep Planning Budget (2026); ISU A1-20 pasture",https://extension.missouri.edu/media/wysiwyg/Extensiondata/Pub/pdf/agguides/agecon/g00686.pdf
goats,,349.97,130.80,"Per doe: total costs $398.23 less pasture rent $48.26; plus pasture maintenance","Univ. of Missouri Extension G691 Meat Goat Planning Budget (2026); ISU A1-20 pasture",https://extension.missouri.edu/media/wysiwyg/Extensiondata/Pub/pdf/agguides/agecon/g00691.pdf
