step,stage,what_happens,s2_notes,source,source_url,in_report
1,Farm inputs,"Seed, fertilizer, fuel, feed and machinery reach the farm","Livestock add feed, fencing and veterinary inputs",USDA ERS Fertilizer Use and Price; NASS Agricultural Chemical Use; ERS ARMS,https://www.ers.usda.gov/data-products/fertilizer-use-and-price,Partly (N rates assumed; ISU/ERS cost budgets)
2,Field production,"Crops grown and livestock raised on each field or pasture","Ten commodities instead of two",USDA NASS Cropland Data Layer; Quick Stats; Census of Agriculture; Crop Sequence Boundaries,https://www.nass.usda.gov/Research_and_Science/Cropland/SARS1a.php,Yes
3,On-farm storage & delivery,"Grain stored in bins and trucked; animals hauled","Hay stored on farm; wool bagged; apples need cold storage",USDA NASS Grain Stocks; USDA AMS Grain Transportation Report,https://www.ams.usda.gov/services/transportation-analysis/gtr,Modeled (truck distance x EPA factor)
4,First buyer,"Elevator, processor, ethanol plant, sale barn or wool pool buys the raw product","Sale barns, hay auctions, wool co-op, fresh markets",IDALS licensing lists; USDA AMS Market News; Iowa RFA; Tradeverifyd,https://www.ams.usda.gov/market-news,Yes
5,Transport to processor or terminal,"Rail, barge or truck to processors, feedlots, river and export terminals","Livestock to feedlots and packers",BTS/ORNL Freight Analysis Framework (FAF5); STB Carload Waybill Sample,https://faf.ornl.gov/faf5/,No
6,Processing,"Wet and dry milling, soybean crushing, ethanol, oat milling, meatpacking","Packing plants, wool scouring, cider and fruit packing",EPA Greenhouse Gas Reporting Program; NASS Grain Crushings; EIA ethanol capacity; NASS Livestock Slaughter,https://www.epa.gov/ghgreporting,No
7,Manufacturing & level-2 buyers,"Starch, sweeteners, oils, meal, feed, fuel and foods made by downstream firms","Meat, textiles, fresh and processed fruit",Tradeverifyd trade relationships; Census County Business Patterns (NAICS 311),https://www.census.gov/programs-surveys/cbp.html,Yes (Tradeverifyd level 2)
8,Distribution & export,"Products shipped to domestic distributors or exported","Mostly domestic and regional for new products",USDA FAS GATS; UN Comtrade (via Tradeverifyd); Census USA Trade Online,https://apps.fas.usda.gov/gats/,Yes (Comtrade via Tradeverifyd)
9,Retail & food service,"Grocery stores, restaurants and fuel stations sell to the public","Farmers markets and direct sales",USDA ERS Food Dollar Series; ERS Food Price Outlook; BLS Consumer Price Index,https://www.ers.usda.gov/data-products/food-dollar-series,No
10,Consumer,"Food eaten, fuel burned, fiber worn","Per-capita demand limits for lamb, goat and apples",USDA ERS Food Availability (Per Capita) Data System,https://www.ers.usda.gov/data-products/food-availability-per-capita-data-system,No
