"buyer_id","name","parent","type","city","state"
"B001","ADM Corn Processing (wet mill & ethanol)","ADM","Corn processor / ethanol","Cedar Rapids","IA"
"B002","Cargill Corn Milling","Cargill","Corn processor","Cedar Rapids","IA"
"B003","Ingredion Cedar Rapids","Ingredion","Corn processor","Cedar Rapids","IA"
"B004","Cargill Soybean Processing East","Cargill","Soybean crusher","Cedar Rapids","IA"
"B005","Cargill Soybean Processing West","Cargill","Soybean crusher","Cedar Rapids","IA"
"B006","Quaker Oats Cedar Rapids","PepsiCo","Oat mill","Cedar Rapids","IA"
"B007","Big River United Energy","Big River Resources","Ethanol plant","Dyersville","IA"
"B008","Grain Processing Corporation","Kent Corporation","Corn processor / ethanol","Muscatine","IA"
"B009","POET Fairbank","POET","Ethanol plant","Fairbank","IA"
"B010","ADM Clinton","ADM","Corn processor / ethanol","Clinton","IA"
"B011","Kalona Sales Barn","Kalona Sales Barn","Livestock & hay auction","Kalona","IA"
"B012","Walker Sales Barn","Walker Sales Barn","Livestock auction","Walker","IA"
"B013","Oxford Sale Barn","Oxford Sale Barn","Livestock auction","Oxford","IA"
"B014","Tama Livestock Auction","Tama Livestock Auction","Livestock auction","Tama","IA"
"B015","Cascade Livestock Auction","Cascade Livestock Auction","Livestock auction","Cascade","IA"
"B016","Edgewood Livestock Commission","Edgewood Livestock Commission","Livestock auction","Edgewood","IA"
"B017","NFO Livestock Manchester","NFO","Livestock auction","Manchester","IA"
"B018","Equity Cooperative Livestock Sales","Equity Cooperative","Livestock auction","Maquoketa","IA"
"B019","Maquoketa Livestock Exchange","Maquoketa Livestock Exchange","Livestock auction","Maquoketa","IA"
"B020","Keoco Auction Company","Keoco Auction Company","Livestock auction","Sigourney","IA"
"B021","Waverly Sales Company","Waverly Sales Company","Livestock auction","Waverly","IA"
"B022","Mid-States Wool Growers Cooperative","Mid-States Wool Growers","Wool marketing cooperative","Canal Winchester","OH"
"B023","Cedar Rapids fresh market (modeled)","Local direct market","Fresh produce market (modeled)","Cedar Rapids","IA"
"B024","Iowa City fresh market (modeled)","Local direct market","Fresh produce market (modeled)","Iowa City","IA"
"B025","ADM Grain Company","ADM Grain Company","Grain elevator / feed mill (state-licensed)","Clinton","IA"
"B026","Amana Farms, Inc.","Amana Farms, Inc.","Grain elevator / feed mill (state-licensed)","Homestead","IA"
"B027","Andover Grain & Fertilizer, Inc.","Andover Grain & Fertilizer, Inc.","Grain elevator / feed mill (state-licensed)","Andover","IA"
"B028","Aurora Elevator, Inc.","Aurora Elevator, Inc.","Grain elevator / feed mill (state-licensed)","Aurora","IA"
"B029","Benton Grain Company, L.L.C.","Benton Grain Company, L.L.C.","Grain elevator / feed mill (state-licensed)","Keystone","IA"
"B030","Buckingham Co-Operative Co.","Buckingham Co-Operative Co.","Grain elevator / feed mill (state-licensed)","Buckingham","IA"
"B031","Bullock Ag Service, Inc.- Preston","Bullock Ag Service, Inc.- Preston","Grain elevator / feed mill (state-licensed)","Preston","IA"
"B032","Bullocks, Inc.","Bullocks, Inc.","Grain elevator / feed mill (state-licensed)","Maquoketa","IA"
"B033","Carson Grain Company","Carson Grain Company","Grain elevator / feed mill (state-licensed)","Troy Mills","IA"
"B034","Cedar County Cooperative","Cedar County Cooperative","Grain elevator / feed mill (state-licensed)","Tipton","IA"
"B035","Clinton Grain, LLC","Clinton Grain, LLC","Grain elevator / feed mill (state-licensed)","Clinton","IA"
"B036","County Line Feed Mill, LLC","County Line Feed Mill, LLC","Grain elevator / feed mill (state-licensed)","La Porte City","IA"
"B037","Crawfordsville Feed & Grain, Inc.","Crawfordsville Feed & Grain, Inc.","Grain elevator / feed mill (state-licensed)","Crawfordsville","IA"
"B038","Dave's Feed Store, Inc.","Dave's Feed Store, Inc.","Grain elevator / feed mill (state-licensed)","Luxemburg","IA"
"B039","Delmar Grain Service Inc.","Delmar Grain Service Inc.","Grain elevator / feed mill (state-licensed)","Delmar","IA"
"B040","Dunkerton Cooperative Elevator","Dunkerton Cooperative Elevator","Grain elevator / feed mill (state-licensed)","Dunkerton","IA"
"B041","Exporter Elevator Co.","Exporter Elevator Co.","Grain elevator / feed mill (state-licensed)","West Chester","IA"
"B042","F. J. Krob & Co.","F. J. Krob & Co.","Grain elevator / feed mill (state-licensed)","Walker","IA"
"B043","Fairchild Feed and Supply, Inc.","Fairchild Feed and Supply, Inc.","Grain elevator / feed mill (state-licensed)","Winthrop","IA"
"B044","Farmers Cooperative Association","Farmers Cooperative Association","Grain elevator / feed mill (state-licensed)","Ainsworth","IA"
"B045","Farmers Shipping Association","Farmers Shipping Association","Grain elevator / feed mill (state-licensed)","Dyersville","IA"
"B046","Farrell's Trucking II, Inc.","Farrell's Trucking II, Inc.","Grain elevator / feed mill (state-licensed)","Preston","IA"
"B047","Garnavillo Mill, Inc.","Garnavillo Mill, Inc.","Grain elevator / feed mill (state-licensed)","Garnavillo","IA"
"B048","Interstate Grain Service, LLC","Interstate Grain Service, LLC","Grain elevator / feed mill (state-licensed)","Cedar Point","IA"
"B049","JBS Live Pork, LLC","JBS Live Pork, LLC","Grain elevator / feed mill (state-licensed)","Fremont","IA"
"B050","Kay Farms Elevator, Inc.","Kay Farms Elevator, Inc.","Grain elevator / feed mill (state-licensed)","Wheatland","IA"
"B051","L & S Ag Center, Inc.","L & S Ag Center, Inc.","Grain elevator / feed mill (state-licensed)","Worthington","IA"
"B052","Linn Cooperative Oil Company","Linn Cooperative Oil Company","Grain elevator / feed mill (state-licensed)","Alburnett","IA"
"B053","Lloyd Kelchen Grain, Ltd.","Lloyd Kelchen Grain, Ltd.","Grain elevator / feed mill (state-licensed)","Edgewood","IA"
"B054","Maquoketa Feeds","Maquoketa Feeds","Grain elevator / feed mill (state-licensed)","Maquoketa","IA"
"B055","Minerva North Grain and Milling, LLC","Minerva North Grain and Milling, LLC","Grain elevator / feed mill (state-licensed)","Jesup","IA"
"B056","Nichols Agriservice, L.L.C.","Nichols Agriservice, L.L.C.","Grain elevator / feed mill (state-licensed)","Nichols","IA"
"B057","Petersburg Feed Mill, Inc.","Petersburg Feed Mill, Inc.","Grain elevator / feed mill (state-licensed)","Petersburg","IA"
"B058","Rex Feed and Elevator Co.","Rex Feed and Elevator Co.","Grain elevator / feed mill (state-licensed)","Lowden","IA"
"B059","Riverside Grain & Feed Company, Inc.","Riverside Grain & Feed Company, Inc.","Grain elevator / feed mill (state-licensed)","Riverside","IA"
"B060","SilverEdge Cooperative","SilverEdge Cooperative","Grain elevator / feed mill (state-licensed)","Edgewood","IA"
"B061","Spillville Mill","Spillville Mill","Grain elevator / feed mill (state-licensed)","Spillville","IA"
"B062","St. Olaf Ag Sales & Service, Inc.","St. Olaf Ag Sales & Service, Inc.","Grain elevator / feed mill (state-licensed)","Saint Olaf","IA"
"B063","Steve's Farm Supply, Inc.","Steve's Farm Supply, Inc.","Grain elevator / feed mill (state-licensed)","Iowa City","IA"
"B064","Terra Products Company, LLC","Terra Products Company, LLC","Grain elevator / feed mill (state-licensed)","Iowa City","IA"
"B065","The Feed & Grain Store, Inc.","The Feed & Grain Store, Inc.","Grain elevator / feed mill (state-licensed)","De Witt","IA"
"B066","W. C. Gretter and Sons, Inc.","W. C. Gretter and Sons, Inc.","Grain elevator / feed mill (state-licensed)","Harper","IA"
"B067","Wellman Produce Co.","Wellman Produce Co.","Grain elevator / feed mill (state-licensed)","Wellman","IA"
